{
  "roc_auc": 0.9990530303030303,
  "f1": 0.9990521327014218,
  "precision": 1.0,
  "recall": 0.9981060606060606,
  "accuracy": 0.9999919029651342
}