{
  "rmse": 26.355434668045444,
  "mae": 4.979289001794172,
  "r2": 0.9907354384846325
}