{
  "rmse": 31255.354953206963,
  "mae": 16060.532077006332,
  "r2": 0.31305231620229146
}